Model,Accuracy,Precision,Recall,F1-Score,ROC AUC
Decision Tree,0.9425837320574163,0.9047619047619048,0.8260869565217391,0.8636363636363636,0.9725926913843691
Random Forest,0.9186602870813397,0.7959183673469388,0.8478260869565217,0.8210526315789474,0.9702587356628434
Logistic Regression,0.9186602870813397,0.8085106382978723,0.8260869565217391,0.8172043010752689,0.976126967191251
Gradient Boosting,0.9138755980861244,0.7916666666666666,0.8260869565217391,0.8085106382978723,0.9751933849026406
